{
    "Takatsuki": {
        "range": [
            34.87598184158452,
            135.57329665538347,
            34.879592178045755,
            135.57754831825054
        ],
        "5": {
            "osmid": 514196393,
            "name": "A棟（管理・研究棟）",
            "capacity": 23535
        },
        "6": {
            "osmid": 514196395,
            "name": "S棟（スチューデントハウス）",
            "capacity": 1561
        },
        "7": {
            "osmid": 514235161,
            "name": "L棟（厚生棟）",
            "capacity": 17656
        },
        "8": {
            "osmid": 514235162,
            "name": "E棟（教室棟）",
            "capacity": 16614
        },
        "9": {
            "osmid": 514240630,
            "name": "C棟（スタジオ棟）",
            "capacity": 28508
        },
        "10": {
            "osmid": 514240631,
            "name": "D棟（大学院棟）",
            "capacity": 16569
        },
        "11": {
            "osmid": 514244507,
            "name": "R棟（リサーチハウス）",
            "capacity": 1102
        },
        "12": {
            "osmid": 514244509,
            "name": "内厩",
            "capacity": 1904
        },
        "13": {
            "osmid": 514244510,
            "name": "体育館",
            "capacity": 6611
        },
        "14": {
            "osmid": 514244511,
            "name": "F棟（ネットワーキング研究センター）",
            "capacity": 7422
        },
        "15": {
            "osmid": 575763675,
            "name": "外厩",
            "capacity": 1744
        },
        "16": {
            "osmid": 576359647,
            "name": "不明",
            "capacity": 139
        },
        "17": {
            "osmid": 576359648,
            "name": "不明",
            "capacity": 204
        },
        "18": {
            "osmid": 599771144,
            "name": "不明",
            "capacity": 264
        },
        "19": {
            "osmid": 599771146,
            "name": "不明",
            "capacity": 193
        },
        "20": {
            "osmid": 599926186,
            "name": "不明",
            "capacity": 384
        },
        "21": {
            "osmid": 863470765,
            "name": "不明",
            "capacity": 167
        },
        "22": {
            "osmid": 7458317,
            "name": "B棟（図書・教室棟）",
            "capacity": 26760
        },
        "23": {
            "osmid": 7458318,
            "name": "K棟（情報演習棟）",
            "capacity": 29280
        }
    },
    "Takatsuki_": {
        "range": [
            34.87598184158452,
            135.57329665538347,
            34.879592178045755,
            135.57754831825054
        ],
        "5": {
            "osmid": 514196393,
            "name": "A棟（管理・研究棟）",
            "capacity": 23535
        },
        "6": {
            "osmid": 514196395,
            "name": "S棟（スチューデントハウス）",
            "capacity": 1561
        },
        "7": {
            "osmid": 514235161,
            "name": "L棟（厚生棟）",
            "capacity": 17656
        },
        "8": {
            "osmid": 514235162,
            "name": "E棟（教室棟）",
            "capacity": 16614
        },
        "9": {
            "osmid": 514240630,
            "name": "C棟（スタジオ棟）",
            "capacity": 28508
        },
        "10": {
            "osmid": 514240631,
            "name": "D棟（大学院棟）",
            "capacity": 16569
        },
        "11": {
            "osmid": 514244507,
            "name": "R棟（リサーチハウス）",
            "capacity": 1102
        },
        "12": {
            "osmid": 514244509,
            "name": "内厩",
            "capacity": 1904
        },
        "13": {
            "osmid": 514244510,
            "name": "体育館",
            "capacity": 6611
        },
        "14": {
            "osmid": 514244511,
            "name": "F棟（ネットワーキング研究センター）",
            "capacity": 7422
        },
        "15": {
            "osmid": 575763675,
            "name": "外厩",
            "capacity": 1744
        },
        "16": {
            "osmid": 576359647,
            "name": "不明",
            "capacity": 139
        },
        "17": {
            "osmid": 576359648,
            "name": "不明",
            "capacity": 204
        },
        "18": {
            "osmid": 599771144,
            "name": "不明",
            "capacity": 264
        },
        "19": {
            "osmid": 599771146,
            "name": "不明",
            "capacity": 193
        },
        "20": {
            "osmid": 599926186,
            "name": "不明",
            "capacity": 384
        },
        "21": {
            "osmid": 863470765,
            "name": "不明",
            "capacity": 167
        },
        "22": {
            "osmid": 7458317,
            "name": "B棟（図書・教室棟）",
            "capacity": 26760
        },
        "23": {
            "osmid": 7458318,
            "name": "K棟（情報演習棟）",
            "capacity": 29280
        }
    }
}